{"schema_version": "10.0.0", "ft_version": "1.31.0", "entityset": {"schema_version": "9.0.0", "id": "entityset", "dataframes": {"b004e235-bb0e-4b3d-ad8f-3bffe23bca87": {"schema_version": "12.0.0", "name": "b004e235-bb0e-4b3d-ad8f-3bffe23bca87", "index": "4c6a33d3-8d6a-4825-91ea-eb88cb25898f", "time_index": null, "column_typing_info": [{"name": "4c6a33d3-8d6a-4825-91ea-eb88cb25898f", "ordinal": 0, "use_standard_tags": true, "logical_type": {"parameters": {}, "type": "Integer"}, "physical_type": {"type": "int64"}, "semantic_tags": ["index"], "description": null, "origin": null, "metadata": {"dataframe_name": "b004e235-bb0e-4b3d-ad8f-3bffe23bca87", "entityset_id": "entityset"}}, {"name": "f_0", "ordinal": 1, "use_standard_tags": true, "logical_type": {"parameters": {}, "type": "IntegerNullable"}, "physical_type": {"type": "Int64"}, "semantic_tags": ["numeric"], "description": null, "origin": null, "metadata": {"dataframe_name": "b004e235-bb0e-4b3d-ad8f-3bffe23bca87", "entityset_id": "entityset"}}, {"name": "f_1", "ordinal": 2, "use_standard_tags": true, "logical_type": {"parameters": {}, "type": "Categorical"}, "physical_type": {"type": "category", "cat_values": ["A", "B", "C"], "cat_dtype": "object"}, "semantic_tags": ["category"], "description": null, "origin": null, "metadata": {"dataframe_name": "b004e235-bb0e-4b3d-ad8f-3bffe23bca87", "entityset_id": "entityset"}}, {"name": "f_2", "ordinal": 3, "use_standard_tags": true, "logical_type": {"parameters": {}, "type": "IntegerNullable"}, "physical_type": {"type": "Int64"}, "semantic_tags": ["numeric"], "description": null, "origin": null, "metadata": {"dataframe_name": "b004e235-bb0e-4b3d-ad8f-3bffe23bca87", "entityset_id": "entityset"}}, {"name": "f_3", "ordinal": 4, "use_standard_tags": true, "logical_type": {"parameters": {}, "type": "IntegerNullable"}, "physical_type": {"type": "Int64"}, "semantic_tags": ["numeric"], "description": null, "origin": null, "metadata": {"dataframe_name": "b004e235-bb0e-4b3d-ad8f-3bffe23bca87", "entityset_id": "entityset"}}, {"name": "f_4", "ordinal": 5, "use_standard_tags": true, "logical_type": {"parameters": {}, "type": "IntegerNullable"}, "physical_type": {"type": "Int64"}, "semantic_tags": ["numeric"], "description": null, "origin": null, "metadata": {"dataframe_name": "b004e235-bb0e-4b3d-ad8f-3bffe23bca87", "entityset_id": "entityset"}}, {"name": "f_5", "ordinal": 6, "use_standard_tags": true, "logical_type": {"parameters": {}, "type": "Categorical"}, "physical_type": {"type": "category", "cat_values": ["07/09/2012", "09/09/2011", "10/02/2012", "10/09/2010", "11/02/2011", "12/02/2010", "25/11/2011", "26/11/2010", "30/12/2011", "31/12/2010"], "cat_dtype": "object"}, "semantic_tags": ["category"], "description": null, "origin": null, "metadata": {"dataframe_name": "b004e235-bb0e-4b3d-ad8f-3bffe23bca87", "entityset_id": "entityset"}}, {"name": "f_6", "ordinal": 7, "use_standard_tags": true, "logical_type": {"parameters": {}, "type": "Double"}, "physical_type": {"type": "float64"}, "semantic_tags": ["numeric"], "description": null, "origin": null, "metadata": {"dataframe_name": "b004e235-bb0e-4b3d-ad8f-3bffe23bca87", "entityset_id": "entityset"}}, {"name": "f_7", "ordinal": 8, "use_standard_tags": true, "logical_type": {"parameters": {}, "type": "Categorical"}, "physical_type": {"type": "category", "cat_values": ["true"], "cat_dtype": "object"}, "semantic_tags": ["category"], "description": null, "origin": null, "metadata": {"dataframe_name": "b004e235-bb0e-4b3d-ad8f-3bffe23bca87", "entityset_id": "entityset"}}, {"name": "f_8", "ordinal": 9, "use_standard_tags": true, "logical_type": {"parameters": {}, "type": "IntegerNullable"}, "physical_type": {"type": "Int64"}, "semantic_tags": ["numeric"], "description": null, "origin": null, "metadata": {"dataframe_name": "b004e235-bb0e-4b3d-ad8f-3bffe23bca87", "entityset_id": "entityset"}}, {"name": "f_9", "ordinal": 10, "use_standard_tags": true, "logical_type": {"parameters": {}, "type": "Double"}, "physical_type": {"type": "float64"}, "semantic_tags": ["numeric"], "description": null, "origin": null, "metadata": {"dataframe_name": "b004e235-bb0e-4b3d-ad8f-3bffe23bca87", "entityset_id": "entityset"}}, {"name": "f_10", "ordinal": 11, "use_standard_tags": true, "logical_type": {"parameters": {}, "type": "Double"}, "physical_type": {"type": "float64"}, "semantic_tags": ["numeric"], "description": null, "origin": null, "metadata": {"dataframe_name": "b004e235-bb0e-4b3d-ad8f-3bffe23bca87", "entityset_id": "entityset"}}], "loading_info": {"table_type": "pandas"}, "table_metadata": {"created_index": "4c6a33d3-8d6a-4825-91ea-eb88cb25898f", "entityset_id": "entityset"}}}, "relationships": [], "format": null}, "feature_list": ["b004e235-bb0e-4b3d-ad8f-3bffe23bca87: f_0", "b004e235-bb0e-4b3d-ad8f-3bffe23bca87: f_9", "b004e235-bb0e-4b3d-ad8f-3bffe23bca87: f_10", "b004e235-bb0e-4b3d-ad8f-3bffe23bca87: f_8", "b004e235-bb0e-4b3d-ad8f-3bffe23bca87: f_2", "b004e235-bb0e-4b3d-ad8f-3bffe23bca87: f_3", "b004e235-bb0e-4b3d-ad8f-3bffe23bca87: f_7", "b004e235-bb0e-4b3d-ad8f-3bffe23bca87: f_6", "b004e235-bb0e-4b3d-ad8f-3bffe23bca87: f_4", "b004e235-bb0e-4b3d-ad8f-3bffe23bca87: f_5", "b004e235-bb0e-4b3d-ad8f-3bffe23bca87: f_1"], "feature_definitions": {"b004e235-bb0e-4b3d-ad8f-3bffe23bca87: f_0": {"type": "IdentityFeature", "dependencies": [], "arguments": {"name": "f_0", "column_name": "f_0", "dataframe_name": "b004e235-bb0e-4b3d-ad8f-3bffe23bca87"}}, "b004e235-bb0e-4b3d-ad8f-3bffe23bca87: f_9": {"type": "IdentityFeature", "dependencies": [], "arguments": {"name": "f_9", "column_name": "f_9", "dataframe_name": "b004e235-bb0e-4b3d-ad8f-3bffe23bca87"}}, "b004e235-bb0e-4b3d-ad8f-3bffe23bca87: f_10": {"type": "IdentityFeature", "dependencies": [], "arguments": {"name": "f_10", "column_name": "f_10", "dataframe_name": "b004e235-bb0e-4b3d-ad8f-3bffe23bca87"}}, "b004e235-bb0e-4b3d-ad8f-3bffe23bca87: f_8": {"type": "IdentityFeature", "dependencies": [], "arguments": {"name": "f_8", "column_name": "f_8", "dataframe_name": "b004e235-bb0e-4b3d-ad8f-3bffe23bca87"}}, "b004e235-bb0e-4b3d-ad8f-3bffe23bca87: f_2": {"type": "IdentityFeature", "dependencies": [], "arguments": {"name": "f_2", "column_name": "f_2", "dataframe_name": "b004e235-bb0e-4b3d-ad8f-3bffe23bca87"}}, "b004e235-bb0e-4b3d-ad8f-3bffe23bca87: f_3": {"type": "IdentityFeature", "dependencies": [], "arguments": {"name": "f_3", "column_name": "f_3", "dataframe_name": "b004e235-bb0e-4b3d-ad8f-3bffe23bca87"}}, "b004e235-bb0e-4b3d-ad8f-3bffe23bca87: f_7": {"type": "IdentityFeature", "dependencies": [], "arguments": {"name": "f_7", "column_name": "f_7", "dataframe_name": "b004e235-bb0e-4b3d-ad8f-3bffe23bca87"}}, "b004e235-bb0e-4b3d-ad8f-3bffe23bca87: f_6": {"type": "IdentityFeature", "dependencies": [], "arguments": {"name": "f_6", "column_name": "f_6", "dataframe_name": "b004e235-bb0e-4b3d-ad8f-3bffe23bca87"}}, "b004e235-bb0e-4b3d-ad8f-3bffe23bca87: f_4": {"type": "IdentityFeature", "dependencies": [], "arguments": {"name": "f_4", "column_name": "f_4", "dataframe_name": "b004e235-bb0e-4b3d-ad8f-3bffe23bca87"}}, "b004e235-bb0e-4b3d-ad8f-3bffe23bca87: f_5": {"type": "IdentityFeature", "dependencies": [], "arguments": {"name": "f_5", "column_name": "f_5", "dataframe_name": "b004e235-bb0e-4b3d-ad8f-3bffe23bca87"}}, "b004e235-bb0e-4b3d-ad8f-3bffe23bca87: f_1": {"type": "IdentityFeature", "dependencies": [], "arguments": {"name": "f_1", "column_name": "f_1", "dataframe_name": "b004e235-bb0e-4b3d-ad8f-3bffe23bca87"}}}, "primitive_definitions": {}}