{"schema_version": "12.0.0", "name": null, "index": null, "time_index": null, "column_typing_info": [{"name": "f_0", "ordinal": 0, "use_standard_tags": true, "logical_type": {"parameters": {}, "type": "IntegerNullable"}, "physical_type": {"type": "Int64"}, "semantic_tags": ["numeric"], "description": null, "origin": "base", "metadata": {}}, {"name": "f_9", "ordinal": 1, "use_standard_tags": true, "logical_type": {"parameters": {}, "type": "Double"}, "physical_type": {"type": "float64"}, "semantic_tags": ["numeric"], "description": null, "origin": "base", "metadata": {}}, {"name": "f_10", "ordinal": 2, "use_standard_tags": true, "logical_type": {"parameters": {}, "type": "Double"}, "physical_type": {"type": "float64"}, "semantic_tags": ["numeric"], "description": null, "origin": "base", "metadata": {}}, {"name": "f_8", "ordinal": 3, "use_standard_tags": true, "logical_type": {"parameters": {}, "type": "IntegerNullable"}, "physical_type": {"type": "Int64"}, "semantic_tags": ["numeric"], "description": null, "origin": "base", "metadata": {}}, {"name": "f_2", "ordinal": 4, "use_standard_tags": true, "logical_type": {"parameters": {}, "type": "IntegerNullable"}, "physical_type": {"type": "Int64"}, "semantic_tags": ["numeric"], "description": null, "origin": "base", "metadata": {}}, {"name": "f_3", "ordinal": 5, "use_standard_tags": true, "logical_type": {"parameters": {}, "type": "IntegerNullable"}, "physical_type": {"type": "Int64"}, "semantic_tags": ["numeric"], "description": null, "origin": "base", "metadata": {}}, {"name": "f_7", "ordinal": 6, "use_standard_tags": true, "logical_type": {"parameters": {}, "type": "Categorical"}, "physical_type": {"type": "category", "cat_values": ["true"], "cat_dtype": "object"}, "semantic_tags": ["category"], "description": null, "origin": "base", "metadata": {}}, {"name": "f_6", "ordinal": 7, "use_standard_tags": true, "logical_type": {"parameters": {}, "type": "Double"}, "physical_type": {"type": "float64"}, "semantic_tags": ["numeric"], "description": null, "origin": "base", "metadata": {}}, {"name": "f_4", "ordinal": 8, "use_standard_tags": true, "logical_type": {"parameters": {}, "type": "IntegerNullable"}, "physical_type": {"type": "Int64"}, "semantic_tags": ["numeric"], "description": null, "origin": "base", "metadata": {}}, {"name": "f_5", "ordinal": 9, "use_standard_tags": true, "logical_type": {"parameters": {}, "type": "Categorical"}, "physical_type": {"type": "category", "cat_values": ["07/09/2012", "09/09/2011", "10/02/2012", "10/09/2010", "11/02/2011", "12/02/2010", "25/11/2011", "26/11/2010", "30/12/2011", "31/12/2010"], "cat_dtype": "object"}, "semantic_tags": ["category"], "description": null, "origin": "base", "metadata": {}}, {"name": "f_1", "ordinal": 10, "use_standard_tags": true, "logical_type": {"parameters": {}, "type": "Categorical"}, "physical_type": {"type": "category", "cat_values": ["A", "B", "C"], "cat_dtype": "object"}, "semantic_tags": ["category"], "description": null, "origin": "base", "metadata": {}}], "loading_info": {"table_type": "pandas", "location": "data/data.csv", "type": "csv", "params": {"sep": ",", "encoding": "utf-8", "engine": "python", "index": false, "compression": null}}, "table_metadata": {}}